feor_kod,nev,tobbes,onet_soc_kodok,aliasok
4121,Könyvelő,könyvelők,13-2011.00;43-3031.00,mérlegképes könyvelő;főkönyvi könyvelő;analitikus könyvelő;könyvelő asszisztens
2513,Könyvvizsgáló,könyvvizsgálók,13-2011.00,könyvszakértő;auditor;számviteli szakértő
3612,Banki ügyintéző,banki ügyintézők,43-4141.00;43-4131.00,bankos;bankfiókos;bank ügyintéző
5134,,,35-2014.00;35-2012.00,
2211,Háziorvos,háziorvosok,29-1215.00,orvos;általános orvos
2514,,,11-3031.01;13-2011.00,
2628,,,19-3033.00,
2142,Szoftverfejlesztő,szoftverfejlesztők,,programozó;fejlesztő;webfejlesztő
7521,Vízvezeték-szerelő,vízvezeték-szerelők,,csőszerelő;gázszerelő;fűtésszerelő;vízszerelő
2531,Marketing-szakember,marketing-szakemberek,,marketinges;marketing menedzser
3632,PR-szakember,PR-szakemberek,,PR-es;kommunikációs szakember
